{"train_losses": [1.1038679629564285, 0.6375483572483063, 0.5378410965204239, 0.48783064633607864, 0.4098995476961136, 0.36731357127428055, 0.3080941364169121, 0.2504411041736603, 0.2050340548157692, 0.16549946926534176], "validation_losses": [0.6581940650939941, 0.5738154649734497, 0.5097787976264954, 0.4646310806274414, 0.4332335293292999, 0.4049071669578552, 0.38079866766929626, 0.39943239092826843, 0.400509238243103, 0.3936307728290558]}