{"train_losses": [5.166546627879143, 1.4959824979305267, 0.6007209718227386, 0.5635347664356232, 0.4733681306242943, 0.4145609214901924, 0.3452051281929016, 0.25768816471099854, 0.17925568670034409, 0.127633610740304, 0.1016374696046114, 0.056042181327939034, 0.04254884924739599], "test_losses": [1.3239854574203491, 0.9836845397949219, 0.5390370488166809, 0.8732901811599731, 0.5890232920646667, 0.7162435054779053, 0.7085615992546082, 0.6791829466819763, 0.6611710786819458, 0.6390666961669922, 1.1250369548797607, 0.9829111695289612, 1.113120198249817]}