{"train_losses": [4.148060739040375, 1.9358946879704793, 0.8270347317059835, 0.6436360279719034, 0.586272120475769, 0.5785044630368551, 0.4904320736726125, 0.381065567334493, 0.26721445222695667, 0.21051092445850372], "test_losses": [3.5469467639923096, 0.9510999917984009, 0.7685879468917847, 0.6711207628250122, 0.668555736541748, 0.7107094526290894, 0.5868226289749146, 0.6521562337875366, 0.5957427620887756, 0.624566912651062]}