{"train_losses": [1.8690297529101372, 0.6913173869252205, 0.6882924735546112, 0.6570735350251198, 0.6117859333753586, 0.484683059155941, 0.41244814544916153, 0.2869293037801981, 0.18299505952745676, 0.09124823100864887], "validation_losses": [0.923147976398468, 0.6651672124862671, 0.6127207279205322, 0.4690149426460266, 0.5693424642086029, 0.5535835027694702, 0.36207886040210724, 0.32429367303848267, 0.2012837678194046, 0.2489873543381691]}