{"train_losses": [1.6693207621574402, 0.8670381605625153, 0.8317442238330841, 0.7110223472118378, 0.6632320284843445, 0.6569336354732513, 0.6530801355838776, 0.6435356438159943, 0.617682933807373, 0.5984651148319244, 0.6010027825832367, 0.5805915296077728, 0.5649150013923645, 0.5537018179893494, 0.5212027728557587, 0.4876154214143753, 0.46465128660202026, 0.44040413200855255, 0.4003737270832062, 0.3978654593229294, 0.3593061864376068, 0.34547197818756104, 0.3221903294324875, 0.2950296401977539, 0.27103666961193085], "validation_losses": [0.6848514676094055, 0.7915030717849731, 0.700690507888794, 0.6593208909034729, 0.6581306457519531, 0.6618364453315735, 0.651637613773346, 0.6259114742279053, 0.6025317907333374, 0.5921363234519958, 0.589545488357544, 0.5685102343559265, 0.5461017489433289, 0.5396683216094971, 0.5138354897499084, 0.493761271238327, 0.47839173674583435, 0.469961941242218, 0.4829385280609131, 0.4628233313560486, 0.4354179799556732, 0.42493584752082825, 0.44069400429725647, 0.4385885000228882, 0.4101180136203766]}