{"train_losses": [2.1415631771087646, 0.6851680651307106, 0.4621557742357254, 0.42727191001176834, 0.3419460877776146, 0.33607856184244156, 0.22690573707222939, 0.17130043357610703, 0.14392338879406452, 0.1290211845189333], "validation_losses": [0.7874406576156616, 0.5821542143821716, 0.5549432039260864, 0.4670388996601105, 0.4323168694972992, 0.4811708331108093, 0.2765187621116638, 0.3435322642326355, 0.28540387749671936, 0.2942957282066345]}