{"train_losses": [1.949849508702755, 0.6411116495728493, 0.5981438234448433, 0.5461427606642246, 0.48814335837960243, 0.37812601774930954], "validation_losses": [0.7166951894760132, 0.6613386273384094, 0.7173000574111938, 0.6782123148441315, 0.54055555164814, 0.5524242222309113]}