{"train_losses": [1.1111631223133631, 0.6919867311205182, 0.6592024905341012, 0.6094441669327872, 0.5421739220619202, 0.4762517213821411, 0.39917510747909546, 0.32869647443294525, 0.26638205136571613], "validation_losses": [0.6766199866930643, 0.705716590086619, 0.6323010325431824, 0.5764143864313761, 0.526737242937088, 0.4783035119374593, 0.48125239213307697, 0.45819241801897687, 0.45956666270891827]}